SampleID,SampleName,Alternative name,SampleType,TreatmentType,barcode ID,barcode sequence
1,BS_9,BS18_9,BulkSoil,RG 150N,515rcbc0,AGCCTTCGTCGC
2,R18_16,,Rumen,RG 0N,515rcbc12,CGTATAAATGCG
3,R18_273,,Rumen,RG 300N,515rcbc24,TGACTAATGGCC
4,com._Stan._0,,NA,NA,515rcbc36,GTGGAGTCTCAT
5,R18_442,,Rumen,RG 0N,515rcbc48,TGATGTGCTAAG
6,BS_6,BS17_6,BulkSoil,RG 300N,515rcbc60,TGTGCACGCCAT
7,R17_45,,Rumen,RG 300N,515rcbc72,GGTGAGCAAGCA
8,RGL_9,RGL18_9,P.RyeGrassLeaf,RG 150N,515rcbc84,CTATGTATTAGT
9,RGL_1,RGL17_1,P.RyeGrassLeaf,RG 0N,515rcbc1,TCCATACCGGAA
10,R18_138,,Rumen,RG 150N,515rcbc13,ATGCTGCAACAC
11,EFFLU_18,EFF_18,Effluent,Dairy Shed Effluent Mar-18,515rcbc25,CGGGACACCCGA
12,RGR_3,RGR17_3,P.RyeGrassRoot,RG 150N,515rcbc37,ACCTTACACCTT
13,R17_278,,Rumen,RG 150N,515rcbc49,GTAGTAGACCAT
14,R17_50,,Rumen,RG 0N,515rcbc61,CCGGACAAGAAG
15,R17_495,,Rumen,RG 150N,515rcbc73,TAAATATACCCT
16,RGL_7,RGL18_7,P.RyeGrassLeaf,RG 0N,515rcbc85,ACTCCCGTGTGA
17,R18_400,,Rumen,RG 0N,515rcbc2,AGCCCTGCTACA
18,R17_148,,Rumen,RG 300N,515rcbc14,ACTCGCTCGCTG
19,R17_34,,Rumen,RG 300N,515rcbc26,CTGTCTATACTA
20,R17_387,,Rumen,RG 150N,515rcbc38,TAATCTCGCCGG
21,R18_322,,Rumen,RG 300N,515rcbc50,AGTAAAGATCGT
22,BS_1,BS17_1,BulkSoil,RG 0N,515rcbc62,TTGCTGGACGCT
23,RGR_12,RGR18_12,P.RyeGrassRoot,RG 300N,515rcbc74,TTGCGGACCCTA
24,blank_0,,NA,NA,515rcbc86,CGGTATAGCAAT
25,RGL_5,RGL17_5,P.RyeGrassLeaf,RG 300N,515rcbc3,CCTAACGGTCCA
26,F17_131,,Faecal,RG 300N,515rcbc15,TTCCTTAGTAGT
27,R18_355,,Rumen,RG 300N,515rcbc27,TATGCCAGAGAT
28,F17_15,,Faecal,RG 0N,515rcbc39,ATCTAGTGGCAA
29,R17_168,,Rumen,RG 300N,515rcbc51,CTCGCCCTCGCC
30,blank_0,,NA,NA,515rcbc63,TACTAACGCGGT
31,F18_283,,Faecal,RG 150N,515rcbc75,GTCGTCCAAATG
32,F18_475,,Faecal,RG 0N,515rcbc87,GACTCTGCTCAG
33,WCL_9,WCL18_9,WhiteCloverLeaf,RG 150N,515rcbc4,CGCGCCTTAAAC
34,R18_60,,Rumen,RG 150N,515rcbc16,CGTCCGTATGAA
35,R17_16,,Rumen,RG 0N,515rcbc28,CGTTTGGAATGA
36,F17_138,,Faecal,RG 150N,515rcbc40,ACGCTTAACGAC
37,F17_491,,Faecal,RG 150N,515rcbc52,TCTCTTTCGACA
38,F17_16,,Faecal,RG 0N,515rcbc64,GCGATCACACCT
39,R17_491,,Rumen,RG 150N,515rcbc76,TGCACAGTCGCT
40,F18_273,,Faecal,RG 300N,515rcbc88,GTCATGCTCCAG
41,R17_46,,Rumen,RG 0N,515rcbc5,TATGGTACCCAG
42,BS_12,BS18_12,BulkSoil,RG 300N,515rcbc17,ACGTGAGGAACG
43,BS_10,BS18_10,BulkSoil,RG 150N,515rcbc29,AAGAACTCATGA
44,F18_480,,Faecal,RG 150N,515rcbc41,TACGGATTATGG
45,R18_290,,Rumen,RG 300N,515rcbc53,ACATACTGAGCA
46,R17_442,,Rumen,RG 0N,515rcbc65,CAAACGCACTAA
47,EFFLU_17,EFF_17,Effluent,Dairy Shed Effluent Nov-17,515rcbc77,TTACTGTGGCCG
48,R17_60,,Rumen,RG 150N,515rcbc89,TACCGAAGGTAT
49,WCL_6,WCL17_6,WhiteCloverLeaf,RG 300N,515rcbc6,TACAATATCTGT
50,R18_490,,Rumen,RG 150N,515rcbc18,GGTTGCCCTGTA
51,R17_490,,Rumen,RG 150N,515rcbc30,TGATATCGTCTT
52,F18_148,,Faecal,RG 300N,515rcbc42,ATACATGCAAGA
53,F17_495,,Faecal,RG 150N,515rcbc54,GTTGATACGATG
54,BLANK_0,,NA,NA,515rcbc66,GAAGAGGGTTGA
55,WCR_11,WCR18_11,WhiteCloverRoot,RG 300N,515rcbc78,GGTTCATGAACA
56,F17_315,,Faecal,RG 0N,515rcbc90,TGAGTATGAGTA
57,R17_355,,Rumen,RG 300N,515rcbc7,AATTTAGGTAGG
58,R18_480,,Rumen,RG 150N,515rcbc19,CATATAGCCCGA
59,F18_491,,Faecal,RG 150N,515rcbc31,CGGTGACCTACT
60,R17_322,,Rumen,RG 300N,515rcbc43,CTTAGTGCAGAA
61,F18_490,,Faecal,RG 150N,515rcbc55,GTCAACGCTGTC
62,R17_131,,Rumen,RG 300N,515rcbc67,TGAGTGGTCTGT
63,RGR_8,RGR18_8,P.RyeGrassRoot,RG 0N,515rcbc79,TAACAATAATTC
64,WCL_5,WCL17_5,WhiteCloverLeaf,RG 300N,515rcbc91,AATGGTTCAGCA
65,RGR_9,RGR18_9,P.RyeGrassRoot,RG 150N,515rcbc8,GACTCAACCAGT
66,F18_34,,Faecal,RG 300N,515rcbc20,GCCTATGAGATC
67,R17_138,,Rumen,RG 150N,515rcbc32,AATGCGCGTATA
68,R17_283,,Rumen,RG 150N,515rcbc44,AATCTTGCGCCG
69,R18_495,,Rumen,RG 150N,515rcbc56,TGAGACCCTACA
70,F18_46,,Faecal,RG 0N,515rcbc68,TTACACAAAGGC
71,F18_45,,Faecal,RG 300N,515rcbc80,CTTATTAAACGT
72,R17_489,,Rumen,RG 150N,515rcbc92,GAACCAGTACTC
73,R17_475,,Rumen,RG 0N,515rcbc9,GCCTCTACGTCG
74,F17_400,,Faecal,RG 0N,515rcbc21,CAAGTGAAGGGA
75,R17_273,,Rumen,RG 300N,515rcbc33,CTTGATTCTTGA
76,F18_278,,Faecal,RG 150N,515rcbc45,AGGATCAGGGAA
77,R18_34,,Rumen,RG 300N,515rcbc57,ACTTGGTGTAAG
78,R18_129,,Rumen,RG 150N,515rcbc69,ACGACGCATTTG
79,R17_315,,Rumen,RG 0N,515rcbc81,GCTCGAAGATTC
80,R17_15,,Rumen,RG 0N,515rcbc93,CGCACCCATACA
81,R18_15,,Rumen,RG 0N,515rcbc10,ACTACTGAGGAT
82,F18_495,,Faecal,RG 150N,515rcbc22,CACGTTTATTCC
83,BS-UN_52,,NA,NA,515rcbc34,GAAATCTTGAAG
84,BS-UN_55,,NA,NA,515rcbc46,AATAACTAGGGT
85,F17_46,,Faecal,RG 0N,515rcbc58,ATTACGTATCAT
86,R17_400,,Rumen,RG 0N,515rcbc70,TATCCAAGCGCA
87,WCL_7,WCL18_7,WhiteCloverLeaf,RG 0N,515rcbc82,TATTTGATTGGT
88,F18_138,,Faecal,RG 150N,515rcbc94,GTGCCATAATCG
89,R18_475,,Rumen,RG 0N,515rcbc11,AATTCACCTCCT
90,R18_168,,Rumen,RG 300N,515rcbc23,TAATCGGTGCCA
91,F17_480,,Faecal,RG 150N,515rcbc35,GAGATACAGTTC
92,R18_387,,Rumen,RG 150N,515rcbc47,TATTGCAGCAGC
93,F17_355,,Faecal,RG 300N,515rcbc59,CACGCAGTCTAC
94,R18_148,,,,515rcbc71,AGAGCCAAGAGC
95,R17_290,,Rumen,RG 300N,515rcbc83,TGTCAAAGTGAC
96,F18_60,,Faecal,RG 150N,515rcbc95,ACTCTTACTTAG
97,F18_442,,Faecal,RG 0N,515rcbc0,AGCCTTCGTCGC
98,R17_480,,Rumen,RG 150N,515rcbc12,CGTATAAATGCG
99,WCL_4,WCL17_4,WhiteCloverLeaf,RG 150N,515rcbc24,TGACTAATGGCC
100,R18_131,,Rumen,RG 300N,515rcbc36,GTGGAGTCTCAT
101,WCL_10,WCL18_10,WhiteCloverLeaf,RG 150N,515rcbc48,TGATGTGCTAAG
102,RGR_4,RGR17_4,P.RyeGrassRoot,RG 150N,515rcbc60,TGTGCACGCCAT
103,WCR_12,WCR18_12,WhiteCloverRoot,RG 300N,515rcbc72,GGTGAGCAAGCA
104,WCR_8,WCR18_8,WhiteCloverRoot,RG 0N,515rcbc84,CTATGTATTAGT
105,RGR8,RGR18_10 ,P.RyeGrassRoot,RG 150N,515rcbc1,TCCATACCGGAA
106,BLANK,,NA,NA,515rcbc13,ATGCTGCAACAC
107,F18_16,,Faecal,RG 0N,515rcbc25,CGGGACACCCGA
108,WCL_3,WCL17_3,WhiteCloverLeaf,RG 150N,515rcbc37,ACCTTACACCTT
109,WCR_2,WCR17_2,WhiteCloverRoot,RG 0N,515rcbc49,GTAGTAGACCAT
110,F18_491,,Faecal,RG 150N,515rcbc61,CCGGACAAGAAG
111,F17_50,,Faecal,RG 0N,515rcbc73,TAAATATACCCT
112,F18_131,,Faecal,RG 300N,515rcbc85,ACTCCCGTGTGA
113,F17_60,,Faecal,RG 150N,515rcbc2,AGCCCTGCTACA
114,F18_400,,Faecal,RG 0N,515rcbc14,ACTCGCTCGCTG
115,F17_315,,Faecal,RG 0N,515rcbc26,CTGTCTATACTA
116,WCL_11,WCL18_11,WhiteCloverLeaf,RG 300N,515rcbc38,TAATCTCGCCGG
117,R17_129,,Rumen,RG 150N,515rcbc50,AGTAAAGATCGT
118,RGL_4,RGL17_4,P.RyeGrassLeaf,RG 150N,515rcbc62,TTGCTGGACGCT
119,F18_489,,Faecal,RG 150N,515rcbc74,TTGCGGACCCTA
120,F17_387,,Faecal,RG 150N,515rcbc86,CGGTATAGCAAT
121,BS_7,BS18_7,BulkSoil,RG 0N,515rcbc3,CCTAACGGTCCA
122,F18_290,,Faecal,RG 300N,515rcbc15,TTCCTTAGTAGT
123,RGL_12,RGL18_11,P.RyeGrassLeaf,RG 300N,515rcbc27,TATGCCAGAGAT
124,WCR_9,WCR18_9,WhiteCloverRoot,RG 150N,515rcbc39,ATCTAGTGGCAA
125,BS_4,BS17_4,BulkSoil,RG 150N,515rcbc51,CTCGCCCTCGCC
126,RGL_2,RGL17_2,P.RyeGrassLeaf,RG 0N,515rcbc63,TACTAACGCGGT
127,F17_45,,Faecal,RG 300N,515rcbc75,GTCGTCCAAATG
128,F18_355,,Faecal,RG 300N,515rcbc87,GACTCTGCTCAG
129,BS_8,BS18_8,BulkSoil,RG 0N,515rcbc4,CGCGCCTTAAAC
130,F17_290,,Faecal,RG 300N,515rcbc16,CGTCCGTATGAA
131,WCR_5,WCR17_5,WhiteCloverRoot,RG 300N,515rcbc28,CGTTTGGAATGA
132,WCL_12,WCL18_12,WhiteCloverLeaf,RG 300N,515rcbc40,ACGCTTAACGAC
133,F17_322,,Faecal,RG 300N,515rcbc52,TCTCTTTCGACA
134,R18_489,,Rumen,RG 150N,515rcbc64,GCGATCACACCT
135,RGR_5,RGR17_5,P.RyeGrassRoot,RG 300N,515rcbc76,TGCACAGTCGCT
136,F17_442,,Faecal,RG 0N,515rcbc88,GTCATGCTCCAG
137,WCR_4,WCR17_4,WhiteCloverRoot,RG 150N,515rcbc5,TATGGTACCCAG
138,F18_50,,Faecal,RG 0N,515rcbc17,ACGTGAGGAACG
139,BS_11,BS18_11,BulkSoil,RG 300N,515rcbc29,AAGAACTCATGA
140,F17_490,,Faecal,RG 150N,515rcbc41,TACGGATTATGG
141,F17_273,,Faecal,RG 300N,515rcbc53,ACATACTGAGCA
142,RGR_2,RGR17_2,P.RyeGrassRoot,RG 0N,515rcbc65,CAAACGCACTAA
143,F17_46,,Faecal,RG 0N,515rcbc77,TTACTGTGGCCG
144,F17_489,,Faecal,RG 150N,515rcbc89,TACCGAAGGTAT
145,RGR_1,RGR17_1,P.RyeGrassRoot,RG 0N,515rcbc6,TACAATATCTGT
146,F18_315,,Faecal,RG 0N,515rcbc18,GGTTGCCCTGTA
147,WCR_3,WCR17_3,WhiteCloverRoot,RG 150N,515rcbc30,TGATATCGTCTT
148,BLANK,,NA,NA,515rcbc42,ATACATGCAAGA
149,WCL_1,WCL17_1,WhiteCloverLeaf,RG 0N,515rcbc54,GTTGATACGATG
150,RGR_11,RGR18_11,P.RyeGrassRoot,RG 300N,515rcbc66,GAAGAGGGTTGA
151,RGL_11,RGL18_10,P.RyeGrassLeaf,RG 150N,515rcbc78,GGTTCATGAACA
152,RGL_3,RGL17_3,P.RyeGrassLeaf,RG 150N,515rcbc90,TGAGTATGAGTA
153,F17_168,,Faecal,RG 300N,515rcbc7,AATTTAGGTAGG
154,F18_387,,Faecal,RG 150N,515rcbc19,CATATAGCCCGA
155,RGR_6,RGR17_6,P.RyeGrassRoot,RG 300N,515rcbc31,CGGTGACCTACT
156,F18_129,,Faecal,RG 150N,515rcbc43,CTTAGTGCAGAA
157,RGR_7,RGR18_7,P.RyeGrassRoot,RG 0N,515rcbc55,GTCAACGCTGTC
158,F17_475,,Faecal,RG 0N,515rcbc67,TGAGTGGTCTGT
159,F17_283,,Faecal,RG 150N,515rcbc79,TAACAATAATTC
160,F17_148,,Faecal,RG 300N,515rcbc91,AATGGTTCAGCA
161,F18_322,,Faecal,RG 300N,515rcbc8,GACTCAACCAGT
162,R18_283,,Rumen,RG 150N,515rcbc20,GCCTATGAGATC
163,F17_129,,Faecal,RG 150N,515rcbc32,AATGCGCGTATA
164,F17_16,,Faecal,RG 0N,515rcbc44,AATCTTGCGCCG
165,F18_168,,Faecal,RG 300N,515rcbc56,TGAGACCCTACA
166,F17_278,,Faecal,RG 150N,515rcbc68,TTACACAAAGGC
167,BS_5,BS17_5,BulkSoil,RG 300N,515rcbc80,CTTATTAAACGT
168,F17_34,,Faecal,RG 300N,515rcbc92,GAACCAGTACTC
169,WCR_1,WCR17_1,WhiteCloverRoot,RG 0N,515rcbc9,GCCTCTACGTCG
170,F17_15,,Faecal,RG 0N,515rcbc21,CAAGTGAAGGGA
171,R18_278,,Rumen,RG 150N,515rcbc33,CTTGATTCTTGA
172,WCR_10,WCR18_10,WhiteCloverRoot,RG 150N,515rcbc45,AGGATCAGGGAA
173,R18_45,,Rumen,RG 300N,515rcbc57,ACTTGGTGTAAG
174,WCL_2_,WCL17_2,WhiteCloverLeaf,RG 0N,515rcbc69,ACGACGCATTTG
175,WCR_7,WCR18_7,WhiteCloverRoot,RG 0N,515rcbc81,GCTCGAAGATTC
176,R18_50,,Rumen,RG 0N,515rcbc93,CGCACCCATACA
177,EFF_18,,Effluent,Dairy Shed Effluent Mar-18,515rcbc10,ACTACTGAGGAT
178,WCL_8,WCL18_8,WhiteCloverLeaf,RG 0N,515rcbc22,CACGTTTATTCC
179,F17_138,,Faecal,RG 150N,515rcbc34,GAAATCTTGAAG
180,F17_480,,Faecal,RG 150N,515rcbc46,AATAACTAGGGT
181,R18_315,,Rumen,RG 0N,515rcbc58,ATTACGTATCAT
182,BS_3,BS17_3,BulkSoil,RG 150N,515rcbc70,TATCCAAGCGCA
183,F18_15,,Faecal,RG 0N,515rcbc82,TATTTGATTGGT
,,,,,,
,,,,,,
,,,,,,
,,,,,,
,,,,,,
,,,,,,
,,,,,,
,,,,,,
,,,,,,
,,,,,,
